{"encodings": [{"student_id": 1, "name": "Thanmay M Shetty", "encoding": [-0.1673460602760315, 0.06695142388343811, 0.0837884470820427, -0.029625268653035164, -0.027448559179902077, -0.06614069640636444, 0.06775331497192383, -0.0730891227722168, 0.1942712664604187, -0.10429436713457108, 0.24019022285938263, -0.05199730023741722, -0.2635754942893982, -0.08352404832839966, 0.005721810273826122, 0.15768349170684814, -0.11201722919940948, -0.1060073971748352, -0.09416981041431427, -0.0819503664970398, 0.0948701947927475, -0.025062603875994682, -0.022069888189435005, 0.13767123222351074, -0.0879097580909729, -0.3315897583961487, -0.11909081041812897, -0.1441860944032669, 0.03538986295461655, -0.08278698474168777, -0.03403080999851227, 0.031191227957606316, -0.1778748631477356, -0.07481458783149719, -0.0655045360326767, -0.012516161426901817, 0.0887453705072403, 0.00976185780018568, 0.11445577442646027, 0.009073575027287006, -0.18408890068531036, -0.030810754746198654, -0.006130091845989227, 0.22201423346996307, 0.08058217912912369, 0.07768657803535461, 0.044554758816957474, -0.027886707335710526, 0.06731671094894409, -0.21645422279834747, 0.0020116157829761505, 0.040299102663993835, 0.14706984162330627, -0.03853078931570053, 0.04145754128694534, -0.2506934702396393, -0.022315148264169693, 0.07083503156900406, -0.20856481790542603, 0.12086775153875351, -0.006472588982433081, -0.12529456615447998, -0.06438031047582626, 0.008798939175903797, 0.24479995667934418, 0.09038955718278885, -0.13746888935565948, -0.0886857733130455, 0.1880815178155899, -0.13514231145381927, 0.058326710015535355, 0.07334950566291809, -0.12379243969917297, -0.14411547780036926, -0.34464097023010254, 0.07182984054088593, 0.4915931820869446, 0.0753185823559761, -0.18922118842601776, 0.00903831422328949, -0.18858572840690613, 0.056550465524196625, 0.03200172632932663, 0.05091241002082825, -0.14001715183258057, 0.03002290055155754, -0.1611834168434143, 0.019349275156855583, 0.11896833777427673, 0.017837967723608017, -0.025627272203564644, 0.2125987857580185, -0.02408524788916111, 0.09463710337877274, -0.025285538285970688, 0.01323783490806818, -0.11893485486507416, -0.08280828595161438, -0.06006509065628052, -0.007248258218169212, -0.004627245478332043, -0.06666046380996704, -0.027209853753447533, 0.08016039431095123, -0.20658428966999054, 0.06615937501192093, 0.004198702983558178, -0.043546535074710846, -0.08089619129896164, 0.11270388960838318, -0.13974857330322266, -0.044240277260541916, 0.11252506822347641, -0.23198436200618744, 0.11460554599761963, 0.22573919594287872, 0.047231078147888184, 0.13994504511356354, 0.05678431689739227, 0.014253443107008934, -0.02664482221007347, -0.03732926398515701, -0.1532864272594452, -0.017908940091729164, 0.1443619728088379, -0.11613360792398453, 0.06838095188140869, 0.010162494145333767]}, {"student_id": 2, "name": "Thanmay M Shetty", "encoding": [-0.1673460602760315, 0.06695142388343811, 0.0837884470820427, -0.029625268653035164, -0.027448559179902077, -0.06614069640636444, 0.06775331497192383, -0.0730891227722168, 0.1942712664604187, -0.10429436713457108, 0.24019022285938263, -0.05199730023741722, -0.2635754942893982, -0.08352404832839966, 0.005721810273826122, 0.15768349170684814, -0.11201722919940948, -0.1060073971748352, -0.09416981041431427, -0.0819503664970398, 0.0948701947927475, -0.025062603875994682, -0.022069888189435005, 0.13767123222351074, -0.0879097580909729, -0.3315897583961487, -0.11909081041812897, -0.1441860944032669, 0.03538986295461655, -0.08278698474168777, -0.03403080999851227, 0.031191227957606316, -0.1778748631477356, -0.07481458783149719, -0.0655045360326767, -0.012516161426901817, 0.0887453705072403, 0.00976185780018568, 0.11445577442646027, 0.009073575027287006, -0.18408890068531036, -0.030810754746198654, -0.006130091845989227, 0.22201423346996307, 0.08058217912912369, 0.07768657803535461, 0.044554758816957474, -0.027886707335710526, 0.06731671094894409, -0.21645422279834747, 0.0020116157829761505, 0.040299102663993835, 0.14706984162330627, -0.03853078931570053, 0.04145754128694534, -0.2506934702396393, -0.022315148264169693, 0.07083503156900406, -0.20856481790542603, 0.12086775153875351, -0.006472588982433081, -0.12529456615447998, -0.06438031047582626, 0.008798939175903797, 0.24479995667934418, 0.09038955718278885, -0.13746888935565948, -0.0886857733130455, 0.1880815178155899, -0.13514231145381927, 0.058326710015535355, 0.07334950566291809, -0.12379243969917297, -0.14411547780036926, -0.34464097023010254, 0.07182984054088593, 0.4915931820869446, 0.0753185823559761, -0.18922118842601776, 0.00903831422328949, -0.18858572840690613, 0.056550465524196625, 0.03200172632932663, 0.05091241002082825, -0.14001715183258057, 0.03002290055155754, -0.1611834168434143, 0.019349275156855583, 0.11896833777427673, 0.017837967723608017, -0.025627272203564644, 0.2125987857580185, -0.02408524788916111, 0.09463710337877274, -0.025285538285970688, 0.01323783490806818, -0.11893485486507416, -0.08280828595161438, -0.06006509065628052, -0.007248258218169212, -0.004627245478332043, -0.06666046380996704, -0.027209853753447533, 0.08016039431095123, -0.20658428966999054, 0.06615937501192093, 0.004198702983558178, -0.043546535074710846, -0.08089619129896164, 0.11270388960838318, -0.13974857330322266, -0.044240277260541916, 0.11252506822347641, -0.23198436200618744, 0.11460554599761963, 0.22573919594287872, 0.047231078147888184, 0.13994504511356354, 0.05678431689739227, 0.014253443107008934, -0.02664482221007347, -0.03732926398515701, -0.1532864272594452, -0.017908940091729164, 0.1443619728088379, -0.11613360792398453, 0.06838095188140869, 0.010162494145333767]}, {"student_id": 3, "name": "Hema M Shetty",